GROUP,PACKAGE,CLASS,INSTRUCTION_MISSED,INSTRUCTION_COVERED,BRANCH_MISSED,BRANCH_COVERED,LINE_MISSED,LINE_COVERED,COMPLEXITY_MISSED,COMPLEXITY_COVERED,METHOD_MISSED,METHOD_COVERED
JaCoCo Coverage Report,default,HumanEval_087_ManualTest,632,0,0,0,46,0,12,0,12,0
JaCoCo Coverage Report,default,HumanEval_087_ImprovedTest.NoMatches,0,61,0,0,0,6,0,3,0,3
JaCoCo Coverage Report,default,HumanEval_087_ImprovedTest.MultiRow,0,444,0,0,0,25,0,4,0,4
JaCoCo Coverage Report,default,HumanEval_087_ImprovedTest.EmptyInputs,0,48,0,0,0,7,0,4,0,4
JaCoCo Coverage Report,default,HumanEval_087_BaseTest,879,0,0,0,45,0,7,0,7,0
JaCoCo Coverage Report,default,HumanEval_087_ImprovedTest.MultipleMatchesInRow,0,230,0,0,0,13,0,4,0,4
JaCoCo Coverage Report,default,HumanEval_087_ImprovedTest.SingleMatch,0,86,0,0,0,7,0,3,0,3
JaCoCo Coverage Report,default,HumanEval_087_ImprovedTest,0,8,0,0,0,2,0,1,0,1
JaCoCo Coverage Report,default,Solution,0,54,0,6,0,8,0,5,0,2
